,fsq_id,categories,distance,location,name,timezone
0,5565be41498e8dbbc0fee0ba,"[{'id': 13003, 'name': 'Bar', 'icon': {'prefix': 'https://ss3.4sqi.net/img/categories_v2/nightlife/pub_', 'suffix': '.png'}}]",4792,"{'country': 'IN', 'cross_street': '', 'formatted_address': 'New Delhi, Delhi', 'locality': 'New Delhi', 'region': 'Delhi'}",Q'La,Asia/Kolkata
1,4f3e8d73e4b046e823f2e0a0,"[{'id': 13003, 'name': 'Bar', 'icon': {'prefix': 'https://ss3.4sqi.net/img/categories_v2/nightlife/pub_', 'suffix': '.png'}}, {'id': 13065, 'name': 'Restaurant', 'icon': {'prefix': 'https://ss3.4sqi.net/img/categories_v2/food/default_', 'suffix': '.png'}}]",4741,"{'address': '1501 Kalka Das Marg', 'country': 'IN', 'cross_street': 'Mehrauli', 'formatted_address': '1501 Kalka Das Marg (Mehrauli), New Delhi 110030, Delhi', 'locality': 'New Delhi', 'neighborhood': ['Mehrauli'], 'postcode': '110030', 'region': 'Delhi'}",Cheri One,Asia/Kolkata
2,4c93a29082b56dcb0193c7aa,"[{'id': 13018, 'name': 'Pub', 'icon': {'prefix': 'https://ss3.4sqi.net/img/categories_v2/nightlife/pub_', 'suffix': '.png'}}]",3160,"{'address': 'Said Ul Ajaib', 'country': 'IN', 'cross_street': 'Garden of 5 senses', 'formatted_address': 'Said Ul Ajaib (Garden of 5 senses), Delhi 941735, Delhi', 'locality': 'Delhi', 'postcode': '941735', 'region': 'Delhi'}",The Zoo,Asia/Kolkata
3,4bdaf0033904a593feed479e,"[{'id': 13016, 'name': 'Lounge', 'icon': {'prefix': 'https://ss3.4sqi.net/img/categories_v2/nightlife/default_', 'suffix': '.png'}}]",4374,"{'address': 'Community Center Saket', 'country': 'IN', 'cross_street': 'Saket', 'formatted_address': 'Community Center Saket (Saket), New Delhi 110017, Delhi', 'locality': 'New Delhi', 'postcode': '110017', 'region': 'Delhi'}",T'zers,Asia/Kolkata
4,518524ad498ec9a9c08bee51,"[{'id': 10032, 'name': 'Night Club', 'icon': {'prefix': 'https://ss3.4sqi.net/img/categories_v2/nightlife/nightclub_', 'suffix': '.png'}}, {'id': 13013, 'name': 'Hotel Bar', 'icon': {'prefix': 'https://ss3.4sqi.net/img/categories_v2/travel/hotel_bar_', 'suffix': '.png'}}]",1615,"{'country': 'IN', 'cross_street': '', 'formatted_address': '110030', 'postcode': '110030'}",Trafalgar,Asia/Kolkata
5,4ec005934690d233897521e7,"[{'id': 13016, 'name': 'Lounge', 'icon': {'prefix': 'https://ss3.4sqi.net/img/categories_v2/nightlife/default_', 'suffix': '.png'}}]",2021,"{'country': 'IN', 'cross_street': '', 'formatted_address': 'New Delhi 502834, Delhi', 'locality': 'New Delhi', 'postcode': '502834', 'region': 'Delhi'}",Desiii,Asia/Kolkata
6,55fedb4f498e3854e3f1fa3b,"[{'id': 13015, 'name': 'Karaoke Bar', 'icon': {'prefix': 'https://ss3.4sqi.net/img/categories_v2/nightlife/karaoke_', 'suffix': '.png'}}]",2173,"{'address': 'Adhichini', 'country': 'IN', 'cross_street': '', 'formatted_address': 'Adhichini, Delhi, Delhi', 'locality': 'Delhi', 'region': 'Delhi'}",Tc Bar and Restaurant,Asia/Kolkata
7,4ebabfa44690c3136232f885,"[{'id': 13003, 'name': 'Bar', 'icon': {'prefix': 'https://ss3.4sqi.net/img/categories_v2/nightlife/pub_', 'suffix': '.png'}}]",4441,"{'address': 'The Crescent Hotel, Lado Sarai', 'address_extended': '3rd Floor', 'country': 'IN', 'cross_street': 'Mehrauli', 'formatted_address': 'The Crescent Hotel, Lado Sarai (Mehrauli), New Delhi 110030, Delhi', 'locality': 'New Delhi', 'neighborhood': ['Lado Sarai'], 'postcode': '110030', 'region': 'Delhi'}",Shroom,Asia/Kolkata
8,50cb5078e4b0c490b6b91433,"[{'id': 13003, 'name': 'Bar', 'icon': {'prefix': 'https://ss3.4sqi.net/img/categories_v2/nightlife/pub_', 'suffix': '.png'}}]",3149,"{'address': 'Off Vinay Marg', 'country': 'IN', 'cross_street': '', 'formatted_address': 'Off Vinay Marg, New Delhi, Delhi', 'locality': 'New Delhi', 'region': 'Delhi'}",Lutyens Bar at CSOI,Asia/Kolkata
9,51ba2a43498ef30dcb46e948,"[{'id': 13003, 'name': 'Bar', 'icon': {'prefix': 'https://ss3.4sqi.net/img/categories_v2/nightlife/pub_', 'suffix': '.png'}}]",3231,"{'address': 'Garden Of Five Senses, Saket', 'country': 'IN', 'cross_street': '', 'formatted_address': 'Garden Of Five Senses, Saket, New Delhi, Delhi', 'locality': 'New Delhi', 'region': 'Delhi'}",Themis,Asia/Kolkata
10,5992cf3559fe5c55c9544d9b,"[{'id': 13010, 'name': 'Dive Bar', 'icon': {'prefix': 'https://ss3.4sqi.net/img/categories_v2/nightlife/divebar_', 'suffix': '.png'}}]",3319,"{'country': 'IN', 'cross_street': '', 'formatted_address': 'New Delhi 110074, Delhi', 'locality': 'New Delhi', 'postcode': '110074', 'region': 'Delhi'}",Diva Bar And Lounge,Asia/Kolkata
11,4eff46627ee5f14f397c5448,"[{'id': 13013, 'name': 'Hotel Bar', 'icon': {'prefix': 'https://ss3.4sqi.net/img/categories_v2/travel/hotel_bar_', 'suffix': '.png'}}]",3972,"{'address': 'Intercontinental Nehru Place', 'country': 'IN', 'cross_street': '', 'formatted_address': 'Intercontinental Nehru Place, New Delhi 110019, Delhi', 'locality': 'New Delhi', 'postcode': '110019', 'region': 'Delhi'}",Jynxxx,Asia/Kolkata
12,4d2ca3c34ab78eecb9103326,"[{'id': 13016, 'name': 'Lounge', 'icon': {'prefix': 'https://ss3.4sqi.net/img/categories_v2/nightlife/default_', 'suffix': '.png'}}, {'id': 13065, 'name': 'Restaurant', 'icon': {'prefix': 'https://ss3.4sqi.net/img/categories_v2/food/default_', 'suffix': '.png'}}]",4143,"{'address': '18-19, Community Centre, Saket', 'country': 'IN', 'cross_street': 'PVR Saket Complex', 'formatted_address': '18-19, Community Centre, Saket (PVR Saket Complex), New Delhi 110017, Delhi', 'locality': 'New Delhi', 'neighborhood': ['Saket'], 'postcode': '110017', 'region': 'Delhi'}",Xplode Lounge and Bar,Asia/Kolkata
13,55da0b0c498e831333bd8dfc,"[{'id': 13016, 'name': 'Lounge', 'icon': {'prefix': 'https://ss3.4sqi.net/img/categories_v2/nightlife/default_', 'suffix': '.png'}}]",4163,"{'country': 'IN', 'cross_street': '', 'formatted_address': '520558', 'postcode': '520558'}",Ice Lounge,Asia/Kolkata
14,4ead754a4690615f26983b4d,"[{'id': 13018, 'name': 'Pub', 'icon': {'prefix': 'https://ss3.4sqi.net/img/categories_v2/nightlife/pub_', 'suffix': '.png'}}]",4175,"{'address': 'Pvr Saket Complex', 'country': 'IN', 'cross_street': '', 'formatted_address': 'Pvr Saket Complex, Delhi 941735, Delhi', 'locality': 'Delhi', 'postcode': '941735', 'region': 'Delhi'}",The Beach,Asia/Kolkata
15,4ca9f74576d3a0931fb2246b,"[{'id': 13003, 'name': 'Bar', 'icon': {'prefix': 'https://ss3.4sqi.net/img/categories_v2/nightlife/pub_', 'suffix': '.png'}}]",4176,"{'address': '15 And 16, J Block Market, Saket', 'address_extended': '1st Floor', 'country': 'IN', 'cross_street': 'Saket', 'formatted_address': '15 And 16, J Block Market, Saket (Saket), New Delhi 110017, Delhi', 'locality': 'New Delhi', 'neighborhood': ['Saket'], 'postcode': '110017', 'region': 'Delhi'}",Big Banana Bar and Restaurant,Asia/Kolkata
16,4e47aec6183849317e877e9d,"[{'id': 13013, 'name': 'Hotel Bar', 'icon': {'prefix': 'https://ss3.4sqi.net/img/categories_v2/travel/hotel_bar_', 'suffix': '.png'}}]",4243,"{'country': 'IN', 'cross_street': '', 'formatted_address': ''}",Fortune Chatarpur,Asia/Kolkata
17,526b598a11d256642d70d577,"[{'id': 13016, 'name': 'Lounge', 'icon': {'prefix': 'https://ss3.4sqi.net/img/categories_v2/nightlife/default_', 'suffix': '.png'}}]",4257,"{'country': 'IN', 'cross_street': '', 'formatted_address': ''}",Club Lounge ITC Sheraton,Asia/Kolkata
18,4ca0ac7654c8a1cdf88ca14b,"[{'id': 13003, 'name': 'Bar', 'icon': {'prefix': 'https://ss3.4sqi.net/img/categories_v2/nightlife/pub_', 'suffix': '.png'}}]",4340,"{'address': 'Saket', 'country': 'IN', 'cross_street': '', 'formatted_address': 'Saket, New Delhi, Delhi', 'locality': 'New Delhi', 'region': 'Delhi'}",4s Beach,Asia/Kolkata
19,4be6baa72468c928039e0143,"[{'id': 13003, 'name': 'Bar', 'icon': {'prefix': 'https://ss3.4sqi.net/img/categories_v2/nightlife/pub_', 'suffix': '.png'}}]",4372,"{'address': 'Pvr Saket', 'country': 'IN', 'cross_street': '', 'formatted_address': 'Pvr Saket, New Delhi 110017, Delhi', 'locality': 'New Delhi', 'postcode': '110017', 'region': 'Delhi'}",Buzz,Asia/Kolkata
20,4fc8d245e4b09a4f316e9b07,"[{'id': 13043, 'name': 'Donut Shop', 'icon': {'prefix': 'https://ss3.4sqi.net/img/categories_v2/food/donuts_', 'suffix': '.png'}}]",4060,"{'address': 'Dlf Saket', 'country': 'IN', 'cross_street': '', 'formatted_address': 'Dlf Saket, New Delhi, Delhi', 'locality': 'New Delhi', 'region': 'Delhi'}",Dunkin',Asia/Kolkata
21,4c5d722e857ca59360c6cccb,"[{'id': 13034, 'name': 'Café', 'icon': {'prefix': 'https://ss3.4sqi.net/img/categories_v2/food/cafe_', 'suffix': '.png'}}, {'id': 13041, 'name': 'Creperie', 'icon': {'prefix': 'https://ss3.4sqi.net/img/categories_v2/food/creperie_', 'suffix': '.png'}}, {'id': 13145, 'name': 'Fast Food Restaurant', 'icon': {'prefix': 'https://ss3.4sqi.net/img/categories_v2/food/fastfood_', 'suffix': '.png'}}]",1945,"{'address': '308 Chattarpur Hills', 'country': 'IN', 'cross_street': 'Chattarpur', 'formatted_address': '308 Chattarpur Hills (Chattarpur), New Delhi 110030, Delhi', 'locality': 'New Delhi', 'postcode': '110030', 'region': 'Delhi'}",The french Affair,Asia/Kolkata
22,509fa95ce4b07eb4d98c2d0a,"[{'id': 13040, 'name': 'Dessert Shop', 'icon': {'prefix': 'https://ss3.4sqi.net/img/categories_v2/food/dessert_', 'suffix': '.png'}}]",3157,"{'country': 'IN', 'cross_street': '', 'formatted_address': ''}",Mrs. Kaur's,Asia/Kolkata
23,526b9f9711d2dd312754093f,"[{'id': 13040, 'name': 'Dessert Shop', 'icon': {'prefix': 'https://ss3.4sqi.net/img/categories_v2/food/dessert_', 'suffix': '.png'}}]",3996,"{'country': 'IN', 'cross_street': '', 'formatted_address': ''}",Bikaner sweets,Asia/Kolkata
24,4fa8d305e4b0144c6d3c3bed,"[{'id': 13040, 'name': 'Dessert Shop', 'icon': {'prefix': 'https://ss3.4sqi.net/img/categories_v2/food/dessert_', 'suffix': '.png'}}]",4046,"{'address': 'Vasant Kunj', 'country': 'IN', 'cross_street': 'D-2', 'formatted_address': 'Vasant Kunj (D-2)'}",Aggarwal Sweets,Asia/Kolkata
25,4f84666ee4b08bbbe8eb31da,"[{'id': 13046, 'name': 'Ice Cream Parlor', 'icon': {'prefix': 'https://ss3.4sqi.net/img/categories_v2/food/icecream_', 'suffix': '.png'}}]",4392,"{'address': '49 North West Avenue, Club Road', 'country': 'IN', 'cross_street': '', 'formatted_address': '49 North West Avenue, Club Road, 110026, Delhi', 'neighborhood': ['Unknown'], 'postcode': '110026', 'region': 'Delhi'}",Giani Ice Cream,Asia/Kolkata
26,9dd8aa55978148f0974940fc,"[{'id': 13002, 'name': 'Bakery', 'icon': {'prefix': 'https://ss3.4sqi.net/img/categories_v2/food/bakery_', 'suffix': '.png'}}, {'id': 13040, 'name': 'Dessert Shop', 'icon': {'prefix': 'https://ss3.4sqi.net/img/categories_v2/food/dessert_', 'suffix': '.png'}}]",3776,"{'address': '33-a, Westend Marg, Lane 1, Mehrauli Badarpur Road, Saidulajab, Mehrauli', 'country': 'IN', 'formatted_address': '33-a, Westend Marg, Lane 1, Mehrauli Badarpur Road, Saidulajab, Mehrauli, New Delhi 110030, Delhi', 'locality': 'New Delhi', 'neighborhood': ['Mehrauli'], 'postcode': '110030', 'region': 'Delhi'}",Pudding and Pie,
27,a8453aff3c534129ed9fbbd4,"[{'id': 13002, 'name': 'Bakery', 'icon': {'prefix': 'https://ss3.4sqi.net/img/categories_v2/food/bakery_', 'suffix': '.png'}}, {'id': 13040, 'name': 'Dessert Shop', 'icon': {'prefix': 'https://ss3.4sqi.net/img/categories_v2/food/dessert_', 'suffix': '.png'}}]",4022,"{'address': '123/3, Saket', 'country': 'IN', 'formatted_address': '123/3, Saket, New Delhi 110017, Delhi', 'locality': 'New Delhi', 'neighborhood': ['Saket'], 'postcode': '110017', 'region': 'Delhi'}",The Cake Express,
28,e29cd02e41ac464d87db6f22,"[{'id': 13046, 'name': 'Ice Cream Parlor', 'icon': {'prefix': 'https://ss3.4sqi.net/img/categories_v2/food/icecream_', 'suffix': '.png'}}, {'id': 13065, 'name': 'Restaurant', 'icon': {'prefix': 'https://ss3.4sqi.net/img/categories_v2/food/default_', 'suffix': '.png'}}]",4078,"{'address': 'Ground Floor, Shop No 8, Pvr Shopping Complex, Saket', 'country': 'IN', 'formatted_address': 'Ground Floor, Shop No 8, Pvr Shopping Complex, Saket, 110017, Delhi', 'neighborhood': ['Saket'], 'postcode': '110017', 'region': 'Delhi'}",Giani,
29,a825407529b04803e587622d,"[{'id': 13040, 'name': 'Dessert Shop', 'icon': {'prefix': 'https://ss3.4sqi.net/img/categories_v2/food/dessert_', 'suffix': '.png'}}]",4104,"{'address': 'Pvr Saket Complex, Saket', 'country': 'IN', 'formatted_address': 'Pvr Saket Complex, Saket, Delhi', 'neighborhood': ['Saket'], 'region': 'Delhi'}",Sweet Tooth,
30,13e5857954b74b4ffdb60177,"[{'id': 13040, 'name': 'Dessert Shop', 'icon': {'prefix': 'https://ss3.4sqi.net/img/categories_v2/food/dessert_', 'suffix': '.png'}}, {'id': 13065, 'name': 'Restaurant', 'icon': {'prefix': 'https://ss3.4sqi.net/img/categories_v2/food/default_', 'suffix': '.png'}}]",4177,"{'address': '1-2, J-Block Market, Saket', 'country': 'IN', 'formatted_address': '1-2, J-Block Market, Saket, New Delhi 110017, Delhi', 'locality': 'New Delhi', 'postcode': '110017', 'region': 'Delhi'}",Mishtaan Cafe,
31,a513bca3d00f4b800a958a12,"[{'id': 13040, 'name': 'Dessert Shop', 'icon': {'prefix': 'https://ss3.4sqi.net/img/categories_v2/food/dessert_', 'suffix': '.png'}}]",4391,"{'address': 'Select Citywalk Mall, District Centre, Saket G-13A', 'country': 'IN', 'formatted_address': 'Select Citywalk Mall, District Centre, Saket G-13A, New Delhi 110017, Haryana', 'locality': 'New Delhi', 'neighborhood': ['Saket'], 'postcode': '110017', 'region': 'Haryana'}",Patchi,
32,e703299294df434ba1a6a9d0,"[{'id': 13046, 'name': 'Ice Cream Parlor', 'icon': {'prefix': 'https://ss3.4sqi.net/img/categories_v2/food/icecream_', 'suffix': '.png'}}]",4407,"{'address': 'Gf-8, Pvr Anupam Complex, Ground Floor', 'country': 'IN', 'formatted_address': 'Gf-8, Pvr Anupam Complex, Ground Floor, 110017', 'neighborhood': ['Saket'], 'postcode': '110017'}",Giani's Icecream,
33,19ee33a72bec42c8c0687ae3,"[{'id': 13046, 'name': 'Ice Cream Parlor', 'icon': {'prefix': 'https://ss3.4sqi.net/img/categories_v2/food/icecream_', 'suffix': '.png'}}, {'id': 13065, 'name': 'Restaurant', 'icon': {'prefix': 'https://ss3.4sqi.net/img/categories_v2/food/default_', 'suffix': '.png'}}]",4407,"{'address': 'Saket', 'country': 'IN', 'formatted_address': 'Saket, New Delhi 110048, Delhi', 'locality': 'New Delhi', 'postcode': '110048', 'region': 'Delhi'}",Giani's,
34,07bac280b21c48690eb9fc66,"[{'id': 13040, 'name': 'Dessert Shop', 'icon': {'prefix': 'https://ss3.4sqi.net/img/categories_v2/food/dessert_', 'suffix': '.png'}}]",4498,"{'address': 'Shop No 4, Mini Market, Public School', 'country': 'IN', 'formatted_address': 'Shop No 4, Mini Market, Public School, 110017, Delhi', 'neighborhood': ['Saket'], 'postcode': '110017', 'region': 'Delhi'}",Sweets Centre,
35,3059fe9382a64fadda0339fd,"[{'id': 13046, 'name': 'Ice Cream Parlor', 'icon': {'prefix': 'https://ss3.4sqi.net/img/categories_v2/food/icecream_', 'suffix': '.png'}}, {'id': 13065, 'name': 'Restaurant', 'icon': {'prefix': 'https://ss3.4sqi.net/img/categories_v2/food/default_', 'suffix': '.png'}}]",4695,"{'address': 'L-Block', 'country': 'IN', 'formatted_address': 'L-Block, New Delhi 110001, Delhi', 'locality': 'New Delhi', 'neighborhood': ['Connaught Place'], 'postcode': '110001', 'region': 'Delhi'}",Nirulas Corner House Pvt. Ltd.,
36,5058abf0e4b092540b8ad3f9,"[{'id': 13099, 'name': 'Chinese Restaurant', 'icon': {'prefix': 'https://ss3.4sqi.net/img/categories_v2/food/asian_', 'suffix': '.png'}}]",2001,"{'address': 'Chattarpur Main Road', 'country': 'IN', 'cross_street': '', 'formatted_address': 'Chattarpur Main Road, New Delhi 110074, Delhi', 'locality': 'New Delhi', 'postcode': '110074', 'region': 'Delhi'}",Chinese Station,Asia/Kolkata
37,4bb07547f964a5206a463ce3,"[{'id': 13099, 'name': 'Chinese Restaurant', 'icon': {'prefix': 'https://ss3.4sqi.net/img/categories_v2/food/asian_', 'suffix': '.png'}}]",4327,"{'country': 'IN', 'cross_street': '', 'formatted_address': '508975', 'postcode': '508975'}",Art Chilli,Asia/Kolkata
38,527f89c1498e59613bca5a08,"[{'id': 13099, 'name': 'Chinese Restaurant', 'icon': {'prefix': 'https://ss3.4sqi.net/img/categories_v2/food/asian_', 'suffix': '.png'}}]",4330,"{'address': 'Shop 2, Community Centre, Pvr Anupam Complex, Saket', 'country': 'IN', 'cross_street': '', 'formatted_address': 'Shop 2, Community Centre, Pvr Anupam Complex, Saket, New Delhi, Delhi', 'locality': 'New Delhi', 'neighborhood': ['Saket'], 'region': 'Delhi'}",Little China,Asia/Kolkata
39,4d7ba217f260a0934cbc2aba,"[{'id': 13099, 'name': 'Chinese Restaurant', 'icon': {'prefix': 'https://ss3.4sqi.net/img/categories_v2/food/asian_', 'suffix': '.png'}}]",4416,"{'address': '13, Community Centre, Pvr Complex, P-22/90, Saket', 'address_extended': '1st Floor', 'country': 'IN', 'cross_street': '', 'formatted_address': '13, Community Centre, Pvr Complex, P-22/90, Saket, New Delhi 110017, Delhi', 'locality': 'New Delhi', 'neighborhood': ['Saket'], 'postcode': '110017', 'region': 'Delhi'}",Jerry Wongs,Asia/Kolkata
40,4e4fed1cc65bb313ba8cc560,"[{'id': 13099, 'name': 'Chinese Restaurant', 'icon': {'prefix': 'https://ss3.4sqi.net/img/categories_v2/food/asian_', 'suffix': '.png'}}]",4379,"{'address': 'Saket', 'country': 'IN', 'cross_street': '', 'formatted_address': 'Saket, New Delhi 110017, Delhi', 'locality': 'New Delhi', 'neighborhood': ['Saket'], 'postcode': '110017', 'region': 'Delhi'}",Mandarin Express,Asia/Kolkata
41,1d38fa5b85e44529e1334705,"[{'id': 13099, 'name': 'Chinese Restaurant', 'icon': {'prefix': 'https://ss3.4sqi.net/img/categories_v2/food/asian_', 'suffix': '.png'}}]",3864,"{'address': 'A - 1, Cariappa Marg, Sainik Farms, Gate No 2', 'address_extended': 'Opposite Saket', 'country': 'IN', 'formatted_address': 'A - 1, Cariappa Marg, Sainik Farms, Gate No 2, 110062, Uttar Pradesh', 'neighborhood': ['Saket'], 'postcode': '110062', 'region': 'Uttar Pradesh'}",Blue Tandoor Restaurant,
42,72b2481cecb140782da26ada,"[{'id': 13099, 'name': 'Chinese Restaurant', 'icon': {'prefix': 'https://ss3.4sqi.net/img/categories_v2/food/asian_', 'suffix': '.png'}}]",3899,"{'address': 'A-1, Cariappa Marg, Sainik Farms, Gate No. 2, Saket', 'address_extended': 'Near Sainik Farms, Gate 2, Opposite Saket M.B Road', 'country': 'IN', 'formatted_address': 'A-1, Cariappa Marg, Sainik Farms, Gate No. 2, Saket, 110062, Delhi', 'neighborhood': ['Saket'], 'postcode': '110062', 'region': 'Delhi'}",Art Chilli,
43,942319c1f36245a2b711d0e4,"[{'id': 13049, 'name': 'Diner', 'icon': {'prefix': 'https://ss3.4sqi.net/img/categories_v2/food/diner_', 'suffix': '.png'}}, {'id': 13099, 'name': 'Chinese Restaurant', 'icon': {'prefix': 'https://ss3.4sqi.net/img/categories_v2/food/asian_', 'suffix': '.png'}}]",4214,"{'address': 'Mgf Metropolitan Mall, Saket', 'country': 'IN', 'formatted_address': 'Mgf Metropolitan Mall, Saket, Delhi', 'neighborhood': ['Saket'], 'region': 'Delhi'}",Berco's,
44,302ccc107aaf4fe2af3925ac,"[{'id': 13003, 'name': 'Bar', 'icon': {'prefix': 'https://ss3.4sqi.net/img/categories_v2/nightlife/pub_', 'suffix': '.png'}}, {'id': 13030, 'name': 'Buffet', 'icon': {'prefix': 'https://ss3.4sqi.net/img/categories_v2/food/default_', 'suffix': '.png'}}, {'id': 13099, 'name': 'Chinese Restaurant', 'icon': {'prefix': 'https://ss3.4sqi.net/img/categories_v2/food/asian_', 'suffix': '.png'}}]",4431,"{'address': 'Ff - 38, Mgf Metropolitan Mall, Saket', 'country': 'IN', 'formatted_address': 'Ff - 38, Mgf Metropolitan Mall, Saket, 110017', 'postcode': '110017'}","The Great Kabab Factory, Saket",
45,7a7732b9d6ea482f839033a5,"[{'id': 13099, 'name': 'Chinese Restaurant', 'icon': {'prefix': 'https://ss3.4sqi.net/img/categories_v2/food/asian_', 'suffix': '.png'}}]",4969,"{'address': 'Aurobindo Marg', 'country': 'IN', 'formatted_address': 'Aurobindo Marg, 110016', 'postcode': '110016'}",Shuttle Cook Boys,
46,4fb5d360e4b06101e9ee6dba,"[{'id': 13199, 'name': 'Indian Restaurant', 'icon': {'prefix': 'https://ss3.4sqi.net/img/categories_v2/food/indian_', 'suffix': '.png'}}]",4997,"{'address': 'Sheraton New Delhi Hotel, District Centre, Saket', 'address_extended': '1st Floor', 'country': 'IN', 'cross_street': '', 'formatted_address': 'Sheraton New Delhi Hotel, District Centre, Saket, New Delhi 110017, Delhi', 'locality': 'New Delhi', 'neighborhood': ['Saket District Centre'], 'postcode': '110017', 'region': 'Delhi'}",Dakshin,Asia/Kolkata
47,4ec9440d2c5b532d08c7e3d1,"[{'id': 13199, 'name': 'Indian Restaurant', 'icon': {'prefix': 'https://ss3.4sqi.net/img/categories_v2/food/indian_', 'suffix': '.png'}}]",1365,"{'country': 'IN', 'cross_street': '', 'formatted_address': '941735', 'postcode': '941735'}",Lilywhite Resort Chhatarpur,Asia/Kolkata
48,51c52b21498e977ed53be70f,"[{'id': 13199, 'name': 'Indian Restaurant', 'icon': {'prefix': 'https://ss3.4sqi.net/img/categories_v2/food/indian_', 'suffix': '.png'}}]",1576,"{'country': 'IN', 'cross_street': '', 'formatted_address': '941735', 'postcode': '941735'}",Lions Of Punjab,Asia/Kolkata
49,50a12833e4b0524f421c3ce1,"[{'id': 13199, 'name': 'Indian Restaurant', 'icon': {'prefix': 'https://ss3.4sqi.net/img/categories_v2/food/indian_', 'suffix': '.png'}}]",1649,"{'address': 'D-55 Chattarpur Enclave', 'country': 'IN', 'cross_street': '100 Ft. Road', 'formatted_address': 'D-55 Chattarpur Enclave (100 Ft. Road), New Delhi 941735, Delhi', 'locality': 'New Delhi', 'postcode': '941735', 'region': 'Delhi'}",Desi Flavour,Asia/Kolkata
50,4f51d99ee4b0362449807f11,"[{'id': 13199, 'name': 'Indian Restaurant', 'icon': {'prefix': 'https://ss3.4sqi.net/img/categories_v2/food/indian_', 'suffix': '.png'}}]",1691,"{'address': 'Shop No. 139, Mehrauli Road', 'address_extended': 'Opposite Tivoli Gardens, Chattarpur', 'country': 'IN', 'cross_street': '', 'formatted_address': 'Shop No. 139, Mehrauli Road, New Delhi 110030, Delhi', 'locality': 'New Delhi', 'neighborhood': ['Chattarpur'], 'postcode': '110030', 'region': 'Delhi'}",Ajit Khalsa Dhaba,Asia/Kolkata
51,4ff824dbe4b0e8d00dea57c8,"[{'id': 13199, 'name': 'Indian Restaurant', 'icon': {'prefix': 'https://ss3.4sqi.net/img/categories_v2/food/indian_', 'suffix': '.png'}}]",2855,"{'country': 'IN', 'cross_street': '', 'formatted_address': '941735', 'postcode': '941735'}",Urban Curries,Asia/Kolkata
52,52692d96498e553136cec9b4,"[{'id': 13199, 'name': 'Indian Restaurant', 'icon': {'prefix': 'https://ss3.4sqi.net/img/categories_v2/food/indian_', 'suffix': '.png'}}]",3044,"{'country': 'IN', 'cross_street': '', 'formatted_address': '941735', 'postcode': '941735'}",Karnataka restaurant,Asia/Kolkata
53,4d3d3ac444f5a093e744d3bb,"[{'id': 13199, 'name': 'Indian Restaurant', 'icon': {'prefix': 'https://ss3.4sqi.net/img/categories_v2/food/indian_', 'suffix': '.png'}}]",3133,"{'address': 'Sector 22', 'country': 'IN', 'formatted_address': 'Sector 22, Gurgaon 941735, Haryāna', 'locality': 'Gurgaon', 'postcode': '941735', 'region': 'Haryāna'}",Aggarwal Sweets,Asia/Kolkata
54,5661f4c738fa76efb7991f5e,"[{'id': 13199, 'name': 'Indian Restaurant', 'icon': {'prefix': 'https://ss3.4sqi.net/img/categories_v2/food/indian_', 'suffix': '.png'}}]",3246,"{'address': '4 Club Road, Anupam Gardens, Sainik Farms', 'country': 'IN', 'cross_street': '', 'formatted_address': '4 Club Road, Anupam Gardens, Sainik Farms, New Delhi 110062, Delhi', 'locality': 'New Delhi', 'neighborhood': ['Sainik Farms'], 'postcode': '110062', 'region': 'Delhi'}",The Jungle Cafe,Asia/Kolkata
55,4fd4803ee4b0f0b2d51ebbdc,"[{'id': 13199, 'name': 'Indian Restaurant', 'icon': {'prefix': 'https://ss3.4sqi.net/img/categories_v2/food/indian_', 'suffix': '.png'}}]",3543,"{'address': 'Neb Sarai', 'country': 'IN', 'cross_street': 'Freedom Fighter Enclave', 'formatted_address': 'Neb Sarai (Freedom Fighter Enclave), New Delhi 110068, Delhi', 'locality': 'New Delhi', 'postcode': '110068', 'region': 'Delhi'}",Hotel Karnataka,Asia/Kolkata
56,531f32b9498e316f9db989cb,"[{'id': 13199, 'name': 'Indian Restaurant', 'icon': {'prefix': 'https://ss3.4sqi.net/img/categories_v2/food/indian_', 'suffix': '.png'}}]",3555,"{'country': 'IN', 'cross_street': '', 'formatted_address': '941735', 'postcode': '941735'}",Sai Paranthe Wala,Asia/Kolkata
57,5b03c4f923a2e60038162db1,"[{'id': 13218, 'name': 'North Indian Restaurant', 'icon': {'prefix': 'https://ss3.4sqi.net/img/categories_v2/food/default_', 'suffix': '.png'}}]",3592,"{'country': 'IN', 'cross_street': '', 'formatted_address': '110074, Delhi', 'postcode': '110074', 'region': 'Delhi'}",Spicy Food Count,Asia/Kolkata
58,5190befe498e133a46eecb96,"[{'id': 13199, 'name': 'Indian Restaurant', 'icon': {'prefix': 'https://ss3.4sqi.net/img/categories_v2/food/indian_', 'suffix': '.png'}}]",3784,"{'country': 'IN', 'cross_street': '', 'formatted_address': '941735, Haryana', 'neighborhood': ['Udyog Vihar'], 'postcode': '941735', 'region': 'Haryana'}",Taste Of India,Asia/Kolkata
59,56d7f84a498ed69722a6acc8,"[{'id': 13218, 'name': 'North Indian Restaurant', 'icon': {'prefix': 'https://ss3.4sqi.net/img/categories_v2/food/default_', 'suffix': '.png'}}]",3979,"{'country': 'IN', 'cross_street': '', 'formatted_address': '520323', 'postcode': '520323'}",Royal Flavour Of India,Asia/Kolkata
60,4f7c604ce4b043bd2b524693,"[{'id': 13199, 'name': 'Indian Restaurant', 'icon': {'prefix': 'https://ss3.4sqi.net/img/categories_v2/food/indian_', 'suffix': '.png'}}]",4129,"{'address': 'Anupam Market Complex', 'country': 'IN', 'cross_street': 'Saket', 'formatted_address': 'Anupam Market Complex (Saket), New Delhi 110017, Delhi', 'locality': 'New Delhi', 'postcode': '110017', 'region': 'Delhi'}",Kebabs and Curries,Asia/Kolkata
61,50866788e4b083eee2de751f,"[{'id': 13199, 'name': 'Indian Restaurant', 'icon': {'prefix': 'https://ss3.4sqi.net/img/categories_v2/food/indian_', 'suffix': '.png'}}]",4167,"{'country': 'IN', 'cross_street': '', 'formatted_address': '941735', 'postcode': '941735'}",Global Curries,Asia/Kolkata
62,517b7445d86cf2f73d29d613,"[{'id': 13199, 'name': 'Indian Restaurant', 'icon': {'prefix': 'https://ss3.4sqi.net/img/categories_v2/food/indian_', 'suffix': '.png'}}]",4376,"{'address': '17, Community Center, Pvr Saket', 'address_extended': '1st Floor', 'country': 'IN', 'formatted_address': '17, Community Center, Pvr Saket, New Delhi 110017, Delhi', 'locality': 'New Delhi', 'postcode': '110017', 'region': 'Delhi'}",Pind Balluchi Restaurant,Asia/Kolkata
63,55695ff9498ee2f2c69f7540,"[{'id': 13199, 'name': 'Indian Restaurant', 'icon': {'prefix': 'https://ss3.4sqi.net/img/categories_v2/food/indian_', 'suffix': '.png'}}]",4406,"{'address': '14-15, Ground Floor, Community Centre, Pvr Anupam Complex, Saket', 'country': 'IN', 'cross_street': 'Saket', 'formatted_address': '14-15, Ground Floor, Community Centre, Pvr Anupam Complex, Saket (Saket), New Delhi 941735, Delhi', 'locality': 'New Delhi', 'neighborhood': ['Saket'], 'postcode': '941735', 'region': 'Delhi'}",Indus Grill,Asia/Kolkata
64,4e8afb46b8f79e3db8e83f58,"[{'id': 13221, 'name': 'Punjabi Restaurant', 'icon': {'prefix': 'https://ss3.4sqi.net/img/categories_v2/food/default_', 'suffix': '.png'}}]",4507,"{'address': 'K-3/4, Main Road, Saket, Saket', 'country': 'IN', 'cross_street': '', 'formatted_address': 'K-3/4, Main Road, Saket, Saket, New Delhi 110017, Delhi', 'locality': 'New Delhi', 'postcode': '110017', 'region': 'Delhi'}",Wah Ji Wah Restaurant,Asia/Kolkata
65,4fe80933e4b09fd3745891a2,"[{'id': 13199, 'name': 'Indian Restaurant', 'icon': {'prefix': 'https://ss3.4sqi.net/img/categories_v2/food/indian_', 'suffix': '.png'}}]",4540,"{'address': '32 J Block Market, Saket', 'country': 'IN', 'cross_street': '', 'formatted_address': '32 J Block Market, Saket, New Delhi 110017, Delhi', 'locality': 'New Delhi', 'neighborhood': ['Saket'], 'postcode': '110017', 'region': 'Delhi'}",Green Chick Chop,Asia/Kolkata
66,4d7115aa419da35d99400fd8,"[{'id': 13236, 'name': 'Italian Restaurant', 'icon': {'prefix': 'https://ss3.4sqi.net/img/categories_v2/food/italian_', 'suffix': '.png'}}]",3242,"{'country': 'IN', 'cross_street': '', 'formatted_address': ''}",Tonino's,Asia/Kolkata
67,4b927826f964a520f7fb33e3,"[{'id': 13236, 'name': 'Italian Restaurant', 'icon': {'prefix': 'https://ss3.4sqi.net/img/categories_v2/food/italian_', 'suffix': '.png'}}]",3212,"{'address': 'Garden Of Five Senses Mb Road, Saket', 'country': 'IN', 'cross_street': '', 'formatted_address': 'Garden Of Five Senses Mb Road, Saket, New Delhi 513618, Delhi', 'locality': 'New Delhi', 'postcode': '513618', 'region': 'Delhi'}",Fio,Asia/Kolkata
68,51cdae95498ebae4c60f4f7c,"[{'id': 13236, 'name': 'Italian Restaurant', 'icon': {'prefix': 'https://ss3.4sqi.net/img/categories_v2/food/italian_', 'suffix': '.png'}}]",2875,"{'address': 'Sector 29', 'country': 'IN', 'cross_street': '', 'formatted_address': 'Sector 29, Gurgaon 122001, Haryāna', 'locality': 'Gurgaon', 'postcode': '122001', 'region': 'Haryāna'}","Spaghetti Kitchen, Sec 29",Asia/Kolkata
69,4bd01e43046076b037656f71,"[{'id': 13236, 'name': 'Italian Restaurant', 'icon': {'prefix': 'https://ss3.4sqi.net/img/categories_v2/food/italian_', 'suffix': '.png'}}, {'id': 13302, 'name': 'Mediterranean Restaurant', 'icon': {'prefix': 'https://ss3.4sqi.net/img/categories_v2/food/mediterranean_', 'suffix': '.png'}}, {'id': 13377, 'name': 'Vegan and Vegetarian Restaurant', 'icon': {'prefix': 'https://ss3.4sqi.net/img/categories_v2/food/vegetarian_', 'suffix': '.png'}}]",7109,"{'address': 'M 8, 8A, Ground Floor .And M Block Market, Greater Kailash Ii', 'country': 'IN', 'cross_street': '', 'formatted_address': 'M 8, 8A, Ground Floor .And M Block Market, Greater Kailash Ii, New Delhi 110048, Delhi', 'locality': 'New Delhi', 'neighborhood': ['Greater Kailash 2'], 'postcode': '110048', 'region': 'Delhi'}",Diva,Asia/Kolkata
70,583e43458f0be457d318426f,"[{'id': 13236, 'name': 'Italian Restaurant', 'icon': {'prefix': 'https://ss3.4sqi.net/img/categories_v2/food/italian_', 'suffix': '.png'}}]",3221,"{'country': 'IN', 'cross_street': '', 'formatted_address': ''}",Toninos,Asia/Kolkata
71,53a2c5f7498e4b3d15395d1f,"[{'id': 13236, 'name': 'Italian Restaurant', 'icon': {'prefix': 'https://ss3.4sqi.net/img/categories_v2/food/italian_', 'suffix': '.png'}}]",3499,"{'address': 'Kalka Das Marg', 'country': 'IN', 'cross_street': 'Near Qutub Minar', 'formatted_address': 'Kalka Das Marg (Near Qutub Minar)'}",Cherie,Asia/Kolkata
72,50a0bd2ae4b0eac4e6ce7857,"[{'id': 13236, 'name': 'Italian Restaurant', 'icon': {'prefix': 'https://ss3.4sqi.net/img/categories_v2/food/italian_', 'suffix': '.png'}}]",4142,"{'country': 'IN', 'cross_street': '', 'formatted_address': ''}",Cheri,Asia/Kolkata
73,978d9e2e9c9f409e7cec2233,"[{'id': 13034, 'name': 'Café', 'icon': {'prefix': 'https://ss3.4sqi.net/img/categories_v2/food/cafe_', 'suffix': '.png'}}, {'id': 13236, 'name': 'Italian Restaurant', 'icon': {'prefix': 'https://ss3.4sqi.net/img/categories_v2/food/italian_', 'suffix': '.png'}}]",3245,"{'address': 'Khasra No 76/27', 'address_extended': 'Near Metro Pillar No.38, New Manglapuri, Mehrauli', 'country': 'IN', 'formatted_address': 'Khasra No 76/27, New Delhi 110030', 'locality': 'New Delhi', 'postcode': '110030'}",Tonino Ristorante,
74,f00250d703cb4739038d7afb,"[{'id': 13236, 'name': 'Italian Restaurant', 'icon': {'prefix': 'https://ss3.4sqi.net/img/categories_v2/food/italian_', 'suffix': '.png'}}]",3634,"{'address': 'Khasra No. 76/27, Andheria More, Mehrauli', 'address_extended': 'Near Metro Pillar No.38, New Manglapuri, Mehrauli', 'country': 'IN', 'formatted_address': 'Khasra No. 76/27, Andheria More, Mehrauli, New Delhi 110030, Delhi', 'locality': 'New Delhi', 'neighborhood': ['Mehrauli-Gurgaon Road'], 'postcode': '110030', 'region': 'Delhi'}",Tonino,
75,4cf8a7dfce1da1cd7a25c9e1,"[{'id': 13064, 'name': 'Pizzeria', 'icon': {'prefix': 'https://ss3.4sqi.net/img/categories_v2/food/pizza_', 'suffix': '.png'}}, {'id': 13145, 'name': 'Fast Food Restaurant', 'icon': {'prefix': 'https://ss3.4sqi.net/img/categories_v2/food/fastfood_', 'suffix': '.png'}}]",4385,"{'address': 'Plot No.13, Community Centre Malviya Nagar Extension, Saket', 'country': 'IN', 'cross_street': '', 'formatted_address': 'Plot No.13, Community Centre Malviya Nagar Extension, Saket, New Delhi 110017, Delhi', 'locality': 'New Delhi', 'postcode': '110017', 'region': 'Delhi'}",Domino's Pizza,Asia/Kolkata
76,5672c00d498e83b0d60206a4,"[{'id': 13039, 'name': 'Deli', 'icon': {'prefix': 'https://ss3.4sqi.net/img/categories_v2/food/deli_', 'suffix': '.png'}}, {'id': 13145, 'name': 'Fast Food Restaurant', 'icon': {'prefix': 'https://ss3.4sqi.net/img/categories_v2/food/fastfood_', 'suffix': '.png'}}]",4422,"{'country': 'IN', 'cross_street': '', 'formatted_address': '941735', 'postcode': '941735'}",Subway,Asia/Kolkata
77,5213071911d29491a8b1f009,"[{'id': 13031, 'name': 'Burger Joint', 'icon': {'prefix': 'https://ss3.4sqi.net/img/categories_v2/food/burger_', 'suffix': '.png'}}, {'id': 13145, 'name': 'Fast Food Restaurant', 'icon': {'prefix': 'https://ss3.4sqi.net/img/categories_v2/food/fastfood_', 'suffix': '.png'}}]",3558,"{'address': 'Sector 29', 'country': 'IN', 'cross_street': 'Leisure Valley', 'formatted_address': 'Sector 29 (Leisure Valley), Gurgaon 941735, Haryāna', 'locality': 'Gurgaon', 'postcode': '941735', 'region': 'Haryāna'}",McDonald's,Asia/Kolkata
78,54af9a9d498e1707007b775d,"[{'id': 13039, 'name': 'Deli', 'icon': {'prefix': 'https://ss3.4sqi.net/img/categories_v2/food/deli_', 'suffix': '.png'}}, {'id': 13145, 'name': 'Fast Food Restaurant', 'icon': {'prefix': 'https://ss3.4sqi.net/img/categories_v2/food/fastfood_', 'suffix': '.png'}}]",4446,"{'address': 'Baba Srichand Mag', 'country': 'IN', 'cross_street': '', 'formatted_address': 'Baba Srichand Mag, New Delhi 941735, Delhi', 'locality': 'New Delhi', 'postcode': '941735', 'region': 'Delhi'}",Subway,Asia/Kolkata
79,559ebd96498eba17e2ff4b65,"[{'id': 13064, 'name': 'Pizzeria', 'icon': {'prefix': 'https://ss3.4sqi.net/img/categories_v2/food/pizza_', 'suffix': '.png'}}, {'id': 13145, 'name': 'Fast Food Restaurant', 'icon': {'prefix': 'https://ss3.4sqi.net/img/categories_v2/food/fastfood_', 'suffix': '.png'}}]",4893,"{'address': 'Pvr Anupam Shopping Complex, Community Center, Saket', 'country': 'IN', 'cross_street': '', 'formatted_address': 'Pvr Anupam Shopping Complex, Community Center, Saket, New Delhi 110017, Delhi', 'locality': 'New Delhi', 'neighborhood': ['Saket'], 'postcode': '110017', 'region': 'Delhi'}",Domino's Pizza,Asia/Kolkata
80,4e5533c4483b764fba2b320c,"[{'id': 13031, 'name': 'Burger Joint', 'icon': {'prefix': 'https://ss3.4sqi.net/img/categories_v2/food/burger_', 'suffix': '.png'}}, {'id': 13145, 'name': 'Fast Food Restaurant', 'icon': {'prefix': 'https://ss3.4sqi.net/img/categories_v2/food/fastfood_', 'suffix': '.png'}}]",4977,"{'country': 'IN', 'cross_street': '', 'formatted_address': '941735', 'postcode': '941735'}",McDonald's,Asia/Kolkata
81,4d3e73ef457cb60ce7db00a5,"[{'id': 13039, 'name': 'Deli', 'icon': {'prefix': 'https://ss3.4sqi.net/img/categories_v2/food/deli_', 'suffix': '.png'}}, {'id': 13145, 'name': 'Fast Food Restaurant', 'icon': {'prefix': 'https://ss3.4sqi.net/img/categories_v2/food/fastfood_', 'suffix': '.png'}}]",7555,"{'address': 'Dlf Place Mall', 'address_extended': '2nd Floor', 'country': 'IN', 'cross_street': 'Saket', 'formatted_address': 'Dlf Place Mall (Saket), New Delhi 110017, Delhi', 'locality': 'New Delhi', 'neighborhood': ['Saket'], 'postcode': '110017', 'region': 'Delhi'}",Subway,Asia/Kolkata
82,4c5d722e857ca59360c6cccb,"[{'id': 13034, 'name': 'Café', 'icon': {'prefix': 'https://ss3.4sqi.net/img/categories_v2/food/cafe_', 'suffix': '.png'}}, {'id': 13041, 'name': 'Creperie', 'icon': {'prefix': 'https://ss3.4sqi.net/img/categories_v2/food/creperie_', 'suffix': '.png'}}, {'id': 13145, 'name': 'Fast Food Restaurant', 'icon': {'prefix': 'https://ss3.4sqi.net/img/categories_v2/food/fastfood_', 'suffix': '.png'}}]",1945,"{'address': '308 Chattarpur Hills', 'country': 'IN', 'cross_street': 'Chattarpur', 'formatted_address': '308 Chattarpur Hills (Chattarpur), New Delhi 110030, Delhi', 'locality': 'New Delhi', 'postcode': '110030', 'region': 'Delhi'}",The french Affair,Asia/Kolkata
83,4e58dd671495a89112760dff,"[{'id': 13145, 'name': 'Fast Food Restaurant', 'icon': {'prefix': 'https://ss3.4sqi.net/img/categories_v2/food/fastfood_', 'suffix': '.png'}}]",3396,"{'country': 'IN', 'cross_street': 'Vasant Kunj', 'formatted_address': 'Vasant Kunj, 941735', 'postcode': '941735'}",Hawker's,Asia/Kolkata
84,518a5162498ed068357f8ade,"[{'id': 13145, 'name': 'Fast Food Restaurant', 'icon': {'prefix': 'https://ss3.4sqi.net/img/categories_v2/food/fastfood_', 'suffix': '.png'}}]",3606,"{'address': 'Ambience Mall', 'country': 'IN', 'cross_street': '', 'formatted_address': 'Ambience Mall, 941735', 'postcode': '941735'}",Haldiram's,Asia/Kolkata
85,578fa87f498e2273132b99c0,"[{'id': 13035, 'name': 'Coffee Shop', 'icon': {'prefix': 'https://ss3.4sqi.net/img/categories_v2/food/coffeeshop_', 'suffix': '.png'}}, {'id': 13036, 'name': 'Tea Room', 'icon': {'prefix': 'https://ss3.4sqi.net/img/categories_v2/food/tearoom_', 'suffix': '.png'}}, {'id': 13145, 'name': 'Fast Food Restaurant', 'icon': {'prefix': 'https://ss3.4sqi.net/img/categories_v2/food/fastfood_', 'suffix': '.png'}}]",3946,"{'address': 'Saket', 'country': 'IN', 'cross_street': '', 'formatted_address': 'Saket, New Delhi 520399, Delhi', 'locality': 'New Delhi', 'postcode': '520399', 'region': 'Delhi'}",Muchhad di chai,Asia/Kolkata
86,4eafba392c5b1b4e30a9268b,"[{'id': 13064, 'name': 'Pizzeria', 'icon': {'prefix': 'https://ss3.4sqi.net/img/categories_v2/food/pizza_', 'suffix': '.png'}}, {'id': 13145, 'name': 'Fast Food Restaurant', 'icon': {'prefix': 'https://ss3.4sqi.net/img/categories_v2/food/fastfood_', 'suffix': '.png'}}]",4176,"{'country': 'IN', 'cross_street': '', 'formatted_address': 'New Delhi 941735, Delhi', 'locality': 'New Delhi', 'postcode': '941735', 'region': 'Delhi'}",Pizza Hut,Asia/Kolkata
87,4c125cbf7f7f2d7f2b1ddd68,"[{'id': 13145, 'name': 'Fast Food Restaurant', 'icon': {'prefix': 'https://ss3.4sqi.net/img/categories_v2/food/fastfood_', 'suffix': '.png'}}]",4369,"{'address': '8 Pvr Saket, Saket', 'country': 'IN', 'cross_street': '', 'formatted_address': '8 Pvr Saket, Saket, New Delhi 110017, Delhi', 'locality': 'New Delhi', 'neighborhood': ['Saket'], 'postcode': '110017', 'region': 'Delhi'}",Lebanese Point,Asia/Kolkata
88,5bf598f0f05ca8002d7115fa,"[{'id': 13145, 'name': 'Fast Food Restaurant', 'icon': {'prefix': 'https://ss3.4sqi.net/img/categories_v2/food/fastfood_', 'suffix': '.png'}}]",4392,"{'address': 'Plot No 4, Ahluwalia House, Community Centre', 'country': 'IN', 'cross_street': 'Saket', 'formatted_address': 'Plot No 4, Ahluwalia House, Community Centre (Saket), New Delhi 110017, Delhi', 'locality': 'New Delhi', 'postcode': '110017', 'region': 'Delhi'}",KFC,Asia/Kolkata
89,571b7a6a498e8b42b09f0233,"[{'id': 13145, 'name': 'Fast Food Restaurant', 'icon': {'prefix': 'https://ss3.4sqi.net/img/categories_v2/food/fastfood_', 'suffix': '.png'}}]",4403,"{'address': 'Saket Road', 'country': 'IN', 'cross_street': 'Saket', 'formatted_address': 'Saket Road (Saket), New Delhi 110017, Delhi', 'locality': 'New Delhi', 'neighborhood': ['Saket'], 'postcode': '110017', 'region': 'Delhi'}",Burger King,Asia/Kolkata
90,4d1dfe10e56f6ea86389601d,"[{'id': 13145, 'name': 'Fast Food Restaurant', 'icon': {'prefix': 'https://ss3.4sqi.net/img/categories_v2/food/fastfood_', 'suffix': '.png'}}, {'id': 13199, 'name': 'Indian Restaurant', 'icon': {'prefix': 'https://ss3.4sqi.net/img/categories_v2/food/indian_', 'suffix': '.png'}}]",4791,"{'country': 'IN', 'cross_street': '', 'formatted_address': '941735, Maharashtra', 'postcode': '941735', 'region': 'Maharashtra'}",Kareem's,Asia/Kolkata
91,4e7b5fe32c5bc0bebffdbf42,"[{'id': 13144, 'name': 'Falafel Restaurant', 'icon': {'prefix': 'https://ss3.4sqi.net/img/categories_v2/food/falafel_', 'suffix': '.png'}}, {'id': 13145, 'name': 'Fast Food Restaurant', 'icon': {'prefix': 'https://ss3.4sqi.net/img/categories_v2/food/fastfood_', 'suffix': '.png'}}]",4936,"{'country': 'IN', 'cross_street': '', 'formatted_address': '941735, Delhi', 'postcode': '941735', 'region': 'Delhi'}",Lebanese Point,Asia/Kolkata
92,514ee2dee4b09cb0bf036f08,"[{'id': 13039, 'name': 'Deli', 'icon': {'prefix': 'https://ss3.4sqi.net/img/categories_v2/food/deli_', 'suffix': '.png'}}, {'id': 13145, 'name': 'Fast Food Restaurant', 'icon': {'prefix': 'https://ss3.4sqi.net/img/categories_v2/food/fastfood_', 'suffix': '.png'}}]",4970,"{'address': 'Gf, Max Hospital', 'country': 'IN', 'cross_street': 'Saket', 'formatted_address': 'Gf, Max Hospital (Saket), New Delhi 110017, Delhi', 'locality': 'New Delhi', 'postcode': '110017', 'region': 'Delhi'}",Subway,Asia/Kolkata
93,559ebd96498eba17e2ff4515,"[{'id': 13064, 'name': 'Pizzeria', 'icon': {'prefix': 'https://ss3.4sqi.net/img/categories_v2/food/pizza_', 'suffix': '.png'}}, {'id': 13145, 'name': 'Fast Food Restaurant', 'icon': {'prefix': 'https://ss3.4sqi.net/img/categories_v2/food/fastfood_', 'suffix': '.png'}}]",5207,"{'address': 'Shop No. 3 Food Court, Dlf Place Dlf, Saket District Centre, District Centre, Sector 6, Pushp Vihar', 'address_extended': '2nd Floor', 'country': 'IN', 'cross_street': '', 'formatted_address': 'Shop No. 3 Food Court, Dlf Place Dlf, Saket District Centre, District Centre, Sector 6, Pushp Vihar, New Delhi 110017, Delhi', 'locality': 'New Delhi', 'neighborhood': ['Saket'], 'postcode': '110017', 'region': 'Delhi'}",Domino's Pizza,Asia/Kolkata
94,4b7d3b93f964a520efb32fe3,"[{'id': 13031, 'name': 'Burger Joint', 'icon': {'prefix': 'https://ss3.4sqi.net/img/categories_v2/food/burger_', 'suffix': '.png'}}, {'id': 13145, 'name': 'Fast Food Restaurant', 'icon': {'prefix': 'https://ss3.4sqi.net/img/categories_v2/food/fastfood_', 'suffix': '.png'}}]",4384,"{'address': 'Saket', 'country': 'IN', 'cross_street': '', 'formatted_address': 'Saket, New Delhi 941735, Delhi', 'locality': 'New Delhi', 'postcode': '941735', 'region': 'Delhi'}",McDonald's,Asia/Kolkata
